id,Created (UTC),Start (UTC)
sub_1ReyGkLLDYopDCcGpXe9ISXr,2025-06-28 12:54:00,2025-07-02 17:38:00
sub_1RdA9CLLDYopDCcGAhv28kDd,2025-06-23 13:10:00,2025-06-25 10:24:00
sub_1RQ2OALLDYopDCcGIK0eINs2,2025-05-18 08:16:00,2025-05-24 14:41:00
sub_1RNcYRLLDYopDCcG0wZWAKPq,2025-05-11 16:16:00,2025-05-18 15:06:00
sub_1RN8rMLLDYopDCcGXaenMQY6,2025-05-10 08:34:00,2025-05-17 01:11:00
sub_1RJEvqLLDYopDCcG9pxiHkBO,2025-04-29 14:14:00,2025-05-06 12:34:00
sub_1RIWB2LLDYopDCcGX3AO7BHe,2025-04-27 14:27:00,2025-05-25 17:28:00
sub_1RHXZILLDYopDCcGYczUSFM3,2025-04-24 21:44:00,2025-05-01 11:06:00
sub_1RD4YBLLDYopDCcG7k50Gx9B,2025-04-12 13:56:00,2025-07-06 17:47:00
sub_1RAGQyLLDYopDCcGXBIB7Jr9,2025-04-04 20:01:00,2025-04-06 21:18:00
sub_1R9nrdLLDYopDCcGjVS9LTez,2025-04-03 13:31:00,2025-04-07 10:08:00
sub_1R9RnDLLDYopDCcG0MjqPNhY,2025-04-02 13:57:00,2025-04-09 09:36:00
sub_1R7zIpLLDYopDCcGPD3Tc5Zc,2025-03-29 13:19:00,2025-04-05 11:30:00
sub_1R7bSfLLDYopDCcGtQxUnGqh,2025-03-28 11:52:00,2025-04-04 06:05:00
sub_1R6ayuLLDYopDCcGa0ZqV2sN,2025-03-25 17:09:00,2025-04-01 15:19:00
sub_1R6CXTLLDYopDCcGTW7t5eju,2025-03-24 15:03:00,2025-04-24 16:53:00
sub_1R5qkOLLDYopDCcGwq9AwRZ1,2025-03-23 15:47:00,2025-03-30 00:08:00
sub_1R4RV2LLDYopDCcG83E01YCB,2025-03-19 18:37:00,2025-04-26 14:43:00
sub_1QxxZFLLDYopDCcGE2WwDjth,2025-03-01 21:27:00,2025-04-26 15:37:00
sub_1QxZr0LLDYopDCcGyr9wmgdy,2025-02-28 20:08:00,2025-02-28 20:18:00
sub_1QubGCLLDYopDCcG4UTuyf9Z,2025-02-20 15:01:00,2025-03-05 17:32:00
sub_1QrM2xLLDYopDCcGEUJUuCfX,2025-02-11 16:10:00,2025-02-11 16:12:00
sub_1Qn1r2LLDYopDCcGo95luiOv,2025-01-30 17:48:00,2025-02-06 23:35:00
sub_1QmHQyLLDYopDCcGgJdJVUfO,2025-01-28 16:14:00,2025-07-11 12:02:00
sub_1Ql3KJLLDYopDCcGhhx6nMMX,2025-01-25 06:58:00,2025-06-08 17:42:00
sub_1Qkqy7LLDYopDCcGsbMg0uE1,2025-01-24 17:46:00,2025-01-31 17:27:00
sub_1QkZeFLLDYopDCcGNGgG5mUq,2025-01-23 23:17:00,2025-04-28 12:11:00
sub_1QidcOLLDYopDCcGDNdqPAoE,2025-01-18 15:07:00,2025-01-25 00:47:00
sub_1QidHoLLDYopDCcG9zGIAF8v,2025-01-18 14:46:00,2025-01-25 00:46:00
sub_1QiJ7FLLDYopDCcGqaL0NVph,2025-01-17 17:13:00,2025-02-19 17:21:00
sub_1QgWrcLLDYopDCcGlxWArrmp,2025-01-12 19:30:00,2025-01-18 20:10:00
sub_1QgTTALLDYopDCcGTgNUfw2v,2025-01-12 15:52:00,2025-07-10 13:05:00
sub_1QehUCLLDYopDCcG15zhTcsU,2025-01-07 18:26:00,2025-01-14 14:27:00
sub_1Qeen8LLDYopDCcGYeoG6QqA,2025-01-07 15:34:00,2025-01-14 14:28:00
sub_1QeLZeLLDYopDCcG5iDp1UGN,2025-01-06 19:02:00,2025-01-13 17:37:00
sub_1QdawvLLDYopDCcGhhISnCkG,2025-01-04 17:15:00,2025-01-19 17:09:00
sub_1QctOWLLDYopDCcGXAhLpTB3,2025-01-02 18:45:00,2025-01-09 14:34:00
sub_1Qbm4zLLDYopDCcGFWsx1JSQ,2024-12-30 16:44:00,2025-01-09 15:39:00
sub_1QZi4VLLDYopDCcGumHdOknO,2024-12-25 00:03:00,2025-01-12 22:22:00
sub_1QXdeyLLDYopDCcGQnYn4CJ6,2024-12-19 06:56:00,2024-12-26 02:17:00
sub_1QXJgCLLDYopDCcG5zm6fbVy,2024-12-18 09:36:00,2024-12-24 16:32:00
sub_1QW1TKLLDYopDCcGf6M6cIfc,2024-12-14 19:57:00,2025-03-26 13:25:00
sub_1QW0OMLLDYopDCcGqTpHrBFh,2024-12-14 18:48:00,2024-12-21 16:30:00
sub_1QUEKWLLDYopDCcGfaJ5i6hd,2024-12-09 21:17:00,2024-12-26 19:22:00
sub_1QTl2DLLDYopDCcGDZ6rzeUf,2024-12-08 14:00:00,2024-12-12 21:50:00
sub_1QT8jiLLDYopDCcGMLYcqvCr,2024-12-06 21:06:00,2025-03-16 19:04:00
sub_1QS1ygLLDYopDCcG7GMEVixl,2024-12-03 19:41:00,2024-12-10 03:06:00
sub_1QRcr0LLDYopDCcGdR3fu9Is,2024-12-02 16:52:00,2024-12-09 16:24:00
sub_1QP35OLLDYopDCcGgoVYM9KP,2024-11-25 14:16:00,2024-12-02 15:57:00
sub_1QOmiwLLDYopDCcG2zBu891j,2024-11-24 20:48:00,2025-04-27 10:44:00
sub_1QOjNPLLDYopDCcGF9FRwZQJ,2024-11-24 17:13:00,2024-12-09 22:47:00
sub_1QNAOHLLDYopDCcGw8wclZqR,2024-11-20 09:40:00,2024-11-28 13:55:00
sub_1QMG9sLLDYopDCcGjtPf4KDa,2024-11-17 21:37:00,2024-11-23 19:20:00
sub_1QDpNzLLDYopDCcG09xeS7GG,2024-10-25 15:25:00,2024-11-03 15:08:00
sub_1QCNwtLLDYopDCcG43fTHL6Z,2024-10-21 15:55:00,2025-01-12 18:09:00
sub_1Q9lLNLLDYopDCcG7GWuS4Dl,2024-10-14 10:17:00,2024-11-29 16:11:00
sub_1Q9A6TLLDYopDCcGywM6mlWo,2024-10-12 18:31:00,2025-02-18 20:55:00
sub_1Q8MupLLDYopDCcGCP7itaDk,2024-10-10 14:00:00,2025-01-10 18:19:00
sub_1Q8MsrLLDYopDCcGPvmxOSuS,2024-10-10 13:58:00,2024-12-09 23:00:00
sub_1Q7fY2LLDYopDCcGnvSsM1eM,2024-10-08 15:42:00,2024-11-02 19:29:00
sub_1Q6EF2LLDYopDCcGhuC3VE0V,2024-10-04 16:20:00,2024-10-11 12:18:00
sub_1Q5nXFLLDYopDCcGKTan0tbE,2024-10-03 11:49:00,2025-04-05 12:57:00
sub_1Q5kTfLLDYopDCcGSITERr21,2024-10-03 08:33:00,2025-05-21 18:06:00
sub_1Q4khbLLDYopDCcGTZU1Z7Dr,2024-09-30 14:35:00,2025-02-02 06:47:00
sub_1Q2gEzLLDYopDCcGqbFuq224,2024-09-24 21:25:00,2024-09-30 11:41:00
sub_1Q1tJOLLDYopDCcGfPvxtISC,2024-09-22 17:11:00,2025-06-02 16:53:00
sub_1PxjtiLLDYopDCcGf5c4zEQu,2024-09-11 06:19:00,2024-10-07 13:31:00
sub_1PuyEULLDYopDCcGoRFUAiAe,2024-09-03 15:01:00,2025-06-17 15:21:00
sub_1PsRjPLLDYopDCcGWhGY3VXW,2024-08-27 15:54:00,2024-09-01 16:21:00
sub_1PqhFXLLDYopDCcGwW9u17B7,2024-08-22 20:04:00,2024-09-16 18:03:00
sub_1PiaWFLLDYopDCcG56MMCDyK,2024-07-31 11:16:00,2024-10-03 13:40:00
sub_1PgS4hLLDYopDCcGybCbjfnS,2024-07-25 13:51:00,2025-03-01 12:34:00
sub_1PcDFwLLDYopDCcGl32gGaSB,2024-07-13 21:13:00,2024-07-24 02:52:00
sub_1PUreSLLDYopDCcGra5PeifH,2024-06-23 14:44:00,2024-09-07 11:10:00
sub_1PNNOdLLDYopDCcGQJysJBtj,2024-06-02 23:00:00,2024-11-29 15:56:00
sub_1PMFDSLLDYopDCcG9vhq2tez,2024-05-30 20:04:00,2025-05-04 13:53:00
sub_1PJIRRLLDYopDCcGZPx0KuVX,2024-05-22 16:55:00,2024-08-26 10:36:00
sub_1PGkvKLLDYopDCcGFdm2GQtE,2024-05-15 16:43:00,2025-01-09 17:26:00
sub_1PFfLkLLDYopDCcGlFI82Dm2,2024-05-12 16:34:00,2024-09-20 01:14:00
sub_1PDKcwLLDYopDCcGnwJwgN9R,2024-05-06 06:02:00,2024-05-22 02:18:00
sub_1PCld4LLDYopDCcGd266FKlc,2024-05-04 16:40:00,2024-09-14 13:42:00
sub_1PAG5DLLDYopDCcG66tADdZK,2024-04-27 18:34:00,2025-04-27 10:45:00
sub_1P2rXyLLDYopDCcGsUCczs99,2024-04-07 08:57:00,2024-08-25 14:21:00
sub_1Ov27hLLDYopDCcGG3yvuCYe,2024-03-16 18:38:00,2025-05-28 17:04:00
sub_1OnTiYLLDYopDCcGiq4O88T0,2024-02-24 22:29:00,2024-10-07 13:41:00
sub_1OjTEtLLDYopDCcGJQ9S4JA3,2024-02-13 21:10:00,2024-07-13 18:13:00
sub_1OVg8pLLDYopDCcGtw0Z6jYJ,2024-01-06 20:06:00,2024-05-03 15:26:00
sub_1OVGkRLLDYopDCcGW5i26Gyc,2024-01-05 16:59:00,2025-02-19 00:26:00
sub_1OKetJLLDYopDCcG4hi6IlHA,2023-12-07 10:33:00,2024-01-01 20:48:00
sub_1O4mH3LLDYopDCcGBXRqI5Py,2023-10-24 15:12:00,2024-02-26 23:56:00
sub_1O1QzFLLDYopDCcGuDC4s4e5,2023-10-15 09:51:00,2024-05-04 15:37:00
sub_1NwV66LLDYopDCcGgsEyEKOx,2023-10-01 19:14:00,2025-03-01 12:35:00
